,iteration,chg actions,V[0]
0,0,1,0.0
1,1,6,0.0
2,2,5,-0.0
3,3,5,0.0563
4,4,1,0.17956
5,5,0,0.18047
6,6,0,0.18047
7,7,0,0.18047
8,8,0,0.18047
9,9,0,0.18047
10,10,0,0.18047
11,11,0,0.18047
12,12,0,0.18047
13,13,0,0.18047
14,14,0,0.18047
15,15,0,0.18047
16,16,0,0.18047
17,17,0,0.18047
18,18,0,0.18047
19,19,0,0.18047
